profile_name,profile_url,post_type,post_text,post_date,reactions,comments,hashtags,hashtag_count,post_length,scraped_at
Activity | Archit Anand,https://www.linkedin.com/in/archit-anand/,Post,"Love how Archit Anand and team at Fuelgrowth are reimagining how performance marketing teams in the future will look and operate. 

If you are an online business and running ads on social media, you should chat with Archit and team. Their AI agents will optimise your spends and turbo charge your marketing productivity/capability.","1mo â€¢ 
 1 month ago â€¢ Visible to anyone on or off LinkedIn",13,2,,0,331,2025-04-24 12:49:10
Activity | Archit Anand,https://www.linkedin.com/in/archit-anand/,Post,"â€œ I tried this â€œstupidâ€ trick and my engagement skyrocketed ğŸ“ˆ

It was the simplest content tweak I ever madeâ€

This is what my client texted me yesterday!

How did he do it?

Just started tracking patterns in winning creatives and reposting them with a fresh angle instead of chasing new ideas every time.

Thatâ€™s it.

The results blew me away:
â†’ Their engagement rates jumped by 37%
â†’ A CPG client saw a 42% boost
â†’ Another client tried it and tripled their shares ğŸ¤¯ğŸ¤¯

Whatâ€™s going on here?

Algorithms change, but patterns donâ€™t. ğŸš€ Instead of constantly guessing, Fuelgrowth identifies winning creative trends so that we scale what works, adapt fast, and stay aheadâ€”no matter how platforms evolve.

Tag someone who needs to stop overcomplicating content strategy!","1mo â€¢ 
 1 month ago â€¢ Visible to anyone on or off LinkedIn",20,1,,0,765,2025-04-24 12:49:18
Activity | Archit Anand,https://www.linkedin.com/in/archit-anand/,Post,"ğŸ“Š Creative ideas are easy. Scalable ones? Thatâ€™s where most brands fail.
We broke down the 5 tools top DTC and performance teams are using in 2025 to scale ad creative across Meta, TikTok, and Google â€” without wasting budget or time.

Inside this 10-slide deck:
âœ… The full creative tech stack
1) Tools for smart ad variation + fatigue detection
2) Creative performance insights driven by AI
3)Built-in testing workflows

If you're still running ads based on gut feel, this will help you switch to a system that actually scales.
ğŸ§  Built for creative strategists, performance marketers, and founders who want to test smarter â€” not just more.

ğŸ¯ Want a free AI-powered audit of your ad account?
Comment â€œAI Auditâ€ below and Iâ€™ll DM you the link to request it.
Or save this for your next creative sprint.","13h â€¢ 
 13 hours ago â€¢ Visible to anyone on or off LinkedIn",7,1,,0,800,2025-04-24 12:46:59
Activity | Archit Anand,https://www.linkedin.com/in/archit-anand/,Post,"We broke down over $1,000,000 in Meta ad spend.

And now you can too. (And it's free this week ğŸ˜Š) 

ğŸ’¥ Our newest feature gives you full access to your competitors' active ads
But thatâ€™s just the start.

Not to copy it â€” but to understand what actually works.


With Fuelgrowth, you can now:
â†’ See every live ad theyâ€™re running
â†’ Understand their posting calendar â€” what goes live, when, and how often
â†’ Break down the hooks, formats, and creative angles that perform
â†’ Spot their winning patterns before they scale
â†’ Compare it against your own creative performance

You donâ€™t need to guess what the best brands are testing.


You can reverse-engineer their playbook.

âœ… Use it to inspire your next test
âœ… Benchmark your ROAS-ready creative
âœ… Or finally answer: â€œWhat are they doing that weâ€™re missing?â€


Weâ€™re making ad intelligence actionable â€” and finally useful for performance teams.

Want to try it on your top 3 competitors?


Comment ""Competitor"" and weâ€™ll send over a free breakdown.","1d â€¢ 
 1 day ago â€¢ Visible to anyone on or off LinkedIn",19,2,,0,993,2025-04-24 12:47:06
Activity | Archit Anand,https://www.linkedin.com/in/archit-anand/,Post,"Your most viral influencer? Probably made you $0

We built an AI to answer one question: Who actually drives sales?

Most brands judge influencer performance with likes and vibes.

But engagement â‰  conversions.

And viral â‰  valuable.

So we trained an AI model to dig into what really matters:

ğŸ’¸ Revenue per influencer

ğŸ¯ Which creator actually moved product â€” not just pixels

ğŸ§  Which content type (face-based, storytelling, trend-led) converts best

ğŸš« And which ones just made noise

Now, you donâ€™t need to guess if that trending collab worked.

Youâ€™ll know â€” with dollar-level attribution, not a comment section.

This is how creator marketing becomes a performance channel.

Want a look at how it works?

Comment â€˜Influencerâ€™ and Iâ€™ll DM you a walkthrough.
(Must be Connected)

Followfor more no-BS insights on what actually works in Meta ads","1w â€¢ Edited â€¢ 
 1 week ago â€¢ Edited â€¢ Visible to anyone on or off LinkedIn",15,3,,0,847,2025-04-24 12:47:35
Activity | Archit Anand,https://www.linkedin.com/in/archit-anand/,Post,"Is Your Meta Ads Budget Going to Waste?

Weâ€™ve audited 100+ ad accounts from fast-growing DTC brands.

And the same problems keep showing up:
â€¢ Creative fatigue that no one notices
â€¢ Bidding strategies that stall past $10K/month
â€¢ Targeting that worked last quarter but tanks now

Most brands donâ€™t have a system to catch these.

We built one.
In this post, I break down:
â€¢ How we reset targeting without losing momentum
â€¢ The creative refresh loop that sustains ROAS
â€¢ A 7-step checklist we use with every brand we work with

If you want a free â€˜AI Auditâ€™ of your ad account â€”
Comment AI Audit and Iâ€™ll send it your way.","1w â€¢ Edited â€¢ 
 1 week ago â€¢ Edited â€¢ Visible to anyone on or off LinkedIn",16,1,,0,621,2025-04-24 12:47:43
Activity | Archit Anand,https://www.linkedin.com/in/archit-anand/,Post,"â€œMore testing = more scale.â€

Thatâ€™s the biggest lie in performance marketing right now.


Weâ€™ve audited 100+ ad accounts this year.
And hereâ€™s what we found:




â†’ Most brands are testing random ideas
â†’ They wait for ads to die, then chase the next one
â†’ They burn budget without a system
â†’ They rely on hope, not data



The brands that win?
They donâ€™t just test more.
They test smarter.




âœ… They analyze whatâ€™s working
âœ… They use AI to spot patterns
âœ… They detect fatigue early
âœ… And they scale with confidence



If youâ€™re still running creative on guesswork â€”
This carousel breaks down the better way to scale.
ğŸ‘‰ Swipe through



ğŸ‘‡ Followfor more such Breakdowns","2d â€¢ 
 2 days ago â€¢ Visible to anyone on or off LinkedIn",13,13,,0,669,2025-04-24 12:47:13
Activity | Archit Anand,https://www.linkedin.com/in/archit-anand/,Post,"â€œWill AI replace creatives?â€

Not until clients can accurately describe what they want ğŸ˜…


So yes â€” creatives, youâ€™re safe.
(And to be clear: weâ€™re not trying to replace you either.)

Because creative isnâ€™t just a nice-to-have â€” itâ€™s the #1 performance lever for brands.


At Fuelgrowth, weâ€™ve seen this over and over again:
â†’ Brands donâ€™t fail because of bad media buying
â†’ They fail because they never found the right creative system


So this week, Iâ€™m sharing what weâ€™ve learned from auditing 100+ ad accounts â€”
The real reasons ROAS drops
The hidden fatigue patterns


And how we use AI to spot winning concepts before they scale


If you run ads, lead performance, or are just tired of guesswork â€”

This oneâ€™s for you.

Stay tuned and follow for moreâœŒï¸
(No breakdowns, just better systems.)

Drop â€œadsâ€ below and Iâ€™ll send you the invite (must be connected)","5d â€¢ 
 5 days ago â€¢ Visible to anyone on or off LinkedIn",7,7,#1,1,863,2025-04-24 12:47:20
Activity | Archit Anand,https://www.linkedin.com/in/archit-anand/,Post,"Ad I loved recently:

Nikeâ€™s â€œSomeday is not a day of the week.â€

At first glance, it's just a clever one-liner.
But look closerâ€”and youâ€™ll see why it works so well.

ğŸ” 1. It defines a clear enemy.
Nike isnâ€™t competing with other brands here.
Theyâ€™re calling out:
âŒ Procrastination
âŒ Excuses
âŒ That inner voice saying â€œlaterâ€
â€œSomedayâ€ becomes the symbol of inactionâ€”and they strike it out, visually and conceptually.

ğŸ§  2. It reframes time.
Most people wait for the perfect moment.
This line flips that:
You donâ€™t need â€œsomedayâ€â€”you need today.

ğŸ”¥ 3. Itâ€™s brand-consistent.
This is â€œJust Do Itâ€ reimagined.
Same soul. New packaging.
No product push. No fluff.
Just truth that sticks.

Thatâ€™s how you create an ad that shifts mindsetâ€”not just sales.

ğŸ‘‰ If you like breakdowns like this, follow me for more ad psychology, brand storytelling, and performance insights.","6d â€¢ 
 6 days ago â€¢ Visible to anyone on or off LinkedIn",33,1,,0,866,2025-04-24 12:47:27
Activity | Archit Anand,https://www.linkedin.com/in/archit-anand/,Post,"Had to repost this one by Radha Vyas ğŸ™Œ

Work friendships get a bad rap â€” but honestly, every great team Iâ€™ve been part of had one thing in common: real connection.

The best ideas Iâ€™ve seen? Came from casual banter.

The toughest days? Got easier thanks to a quick coffee with a teammate.

The fastest growth? Happened when people gave honest, no-agenda feedback â€” like a friend would.

In a world obsessed with â€œperformance,â€ we forget what actually drives it:
Trust. Energy. Fun. Support.

So yes â€” be friends with your team.
It makes the work better and the journey a lot more meaningful.

ğŸ’¬ Curious â€” whatâ€™s one thing a work friend helped you through?
ğŸ‘‡ Drop a comment. And follow for more on building creative teams that actually like working together.","1w â€¢ 
 1 week ago â€¢ Visible to anyone on or off LinkedIn",3,3,,0,757,2025-04-24 12:47:50
Activity | Archit Anand,https://www.linkedin.com/in/archit-anand/,Post,"My favorite brand collab of 2025 so far: Duolingo Ã— Squid Game.
Itâ€™s one of those rare campaigns that nails both sides of the equation:
Creative + Strategy.
Letâ€™s break down why it worked ğŸ‘‡
ğŸ“Š It was built on data:
Korean learning spiked 40% after Squid Game Season 1

330M+ global viewers

2.8B hours watched

Netflix saw the distribution opportunity.
Duolingo saw the demand spike in Korean language learning.
And together? They created something weird and wonderful.
ğŸ¯ What made it hit:
Duolingo added 40 Squid Game phrases into its Korean course

They dropped cryptic billboards teasing the show

They made original K-pop music with Netflix's sound lab (!)

Itâ€™s a perfect example of creative strategy done right:
Find the cultural wave.
Use data to validate the bet.
Then go all-in with personality.
Honestly? 10/10.
No notes.
ğŸ‘‰ Follow me for weekly breakdowns of creative strategy that actually performs.","1w â€¢ 
 1 week ago â€¢ Visible to anyone on or off LinkedIn",19,3,,0,909,2025-04-24 12:47:59
Activity | Archit Anand,https://www.linkedin.com/in/archit-anand/,Post,"Weâ€™ve audited 100+ Facebook ad accounts in 2025 for 7â€“8 figure eCommerce brands.

And the same 6 issues show up every single time.

âš  Quietly inflating CPAs
âš  Silently slowing down growth

So we created a FREE optimization checklist with everything we fix to turn performance aroundâ€”fast.

Inside, youâ€™ll get:
âœ… A complete audit of what actually matters: structure, audiences, creative, copy & budget
âœ… â€œImpact Levelâ€ & â€œProgress Levelâ€ scoringâ€”know what to fix first
âœ… Proven tactics that have boosted ROAS by up to 35%
âœ… A systematic way to troubleshoot and scale
âœ… The same framework we use to turn underperforming accounts into growth engines

If you're running Facebook Ads and want a no-BS way to improve performanceâ€¦

Hereâ€™s how to grab it:

ğŸ‘‰ Like this post & comment ""META""
ğŸ“© DM me and Iâ€™ll send it straight to you (must be connected)

Letâ€™s fix that ad account !","2w â€¢ 
 2 weeks ago â€¢ Visible to anyone on or off LinkedIn",17,3,,0,872,2025-04-24 12:48:06
Activity | Archit Anand,https://www.linkedin.com/in/archit-anand/,Post,"The best-performing ads?

They donâ€™t feel like ads.

They feel like the truth your customer already believes.

The more you try to sellâ€¦
The faster people scroll.

Why?

Because ad fatigue isnâ€™t just visual.
Itâ€™s psychological.

Weâ€™ve all developed â€œad radar.â€
You feel it. Your customers feel it.
Itâ€™s the reason 90% of creatives fail.

But hereâ€™s what still cuts through:
âœ… Realness
âœ… Imperfection
âœ… Unexpected honesty

You donâ€™t need UGC to feel real.

You need to stop polishing your ads to death.

One of our favorite recent examples?
A brand said:
â€œWe know youâ€™ve seen 6 other ads today.
This one just wants to show you whatâ€™s actually inside the bottle.â€

No hype.
No hard sell.
And it worked.

Want more ads that donâ€™t feel like ads?

ğŸ“¥ Follow us. We break them down every week.","2w â€¢ 
 2 weeks ago â€¢ Visible to anyone on or off LinkedIn",13,1,,0,786,2025-04-24 12:48:13
Activity | Archit Anand,https://www.linkedin.com/in/archit-anand/,Post,"Saw this KitKat ad from last year and it still hits:

â€œThe break you need after 7 Zoom calls.â€

So simple.
So true.
So brutal.

It reminded me of a Microsoft study I came across around the same time â€” and honestly, it stuck with me.

They ran fMRI + EEG scans on people with and without meeting breaks.

What they found?

Back-to-back meetings are one of the worst things you can do for your brain.

Hereâ€™s why breaks arenâ€™t optional â€” theyâ€™re essential:
1ï¸âƒ£ Stress Reset: Even short meditation breaks prevent stress buildup.
2ï¸âƒ£ Better Engagement: Breaks = better frontal alpha asymmetry = more present participants.
3ï¸âƒ£ Sharper Focus: Beta waves stay balanced â†’ no burnout â†’ better thinking.
4ï¸âƒ£ Well-being Wins: Especially critical in remote/hybrid setups.

So if youâ€™re on call #6 todayâ€¦

ğŸ“£ Take. That. Break.
â™» Repost if you needed this reminder too.
ğŸ« Bonus points if itâ€™s a KitKat","3w â€¢ 
 3 weeks ago â€¢ Visible to anyone on or off LinkedIn",13,2,#6,1,887,2025-04-24 12:48:20
Activity | Archit Anand,https://www.linkedin.com/in/archit-anand/,Post,"Content is your best employee.
And in 2025, it might be your only unfair advantage.
It doesnâ€™t sleep.
It doesnâ€™t need equity.
And when done rightâ€”it compounds faster than any sales team.
ğŸ‘‡ I saw this breakdown from, and I couldnâ€™t agree more. Hereâ€™s how weâ€™re thinking about it at Fuelgrowth:

ğŸ’¡ GROWTH CONTENT = ""Hey, I exist and I know your problems.""
â†’ Weâ€™re using this to reach DTC founders who are done wasting money testing 10 ad versions to find one winner.
ğŸ§  CONSIDERATION CONTENT = ""Here's how we think differently.""
â†’ Ad teardown formats, frameworks we use to analyze creative success, and lessons from audits we've run on 7-figure brands.
ğŸ’° CONVERSION CONTENT = ""Work with us and youâ€™ll win more.""
â†’ Real results. Real numbers. Real insights from our AI agents improving ROAS and scaling creative winners.

If youâ€™re building in public or growing a brand â€” content doesnâ€™t just build your audience. It builds trust at scale.
This is what Iâ€™m doubling down on in 2025.
Not for likes.
For leverage.
ğŸ§  Save this.
ğŸ” Repost if youâ€™ve been sleeping on your best employee.","3w â€¢ 
 3 weeks ago â€¢ Visible to anyone on or off LinkedIn",18,6,,0,1076,2025-04-24 12:48:26
Activity | Archit Anand,https://www.linkedin.com/in/archit-anand/,Post,"We might just have figured out the secret recipe of a winning creative
....and itâ€™s not what you think!

Weâ€™re making our creative audit FREE for a limited time.

ğŸ‘‰ The Winning Static Formula (now live inside Fuelgrowth)

We analyzed 1,000+ static ads across top DTC brands and built a system that breaks down whatâ€™s actually working for your business:

Creative Types â€“ Carousels? Holiday hooks? Offer-led?
CTAs â€“ â€œShop Nowâ€ or â€œLimited Time Onlyâ€?
Headlines â€“ Festive, casual, or persuasive?
Psychology â€“ Scarcity, emotion, or social proof?

Now, everyuser can see their own winning patternsâ€”so youâ€™re not just testing. Youâ€™re building whatâ€™s proven to convert.

ğŸ” Want a detailed audit like the one in this post?

Comment â€œSECRETâ€ and I'll send over your brandâ€™s creative breakdown.
(Must be Connected)

ğŸš€ Want more insights like this? Hit follow for more!","3w â€¢ 
 3 weeks ago â€¢ Visible to anyone on or off LinkedIn",14,5,,0,859,2025-04-24 12:48:34
Activity | Archit Anand,https://www.linkedin.com/in/archit-anand/,Post,"Everyoneâ€™s making Ghibli-style ads. ğŸŒ¸
But 90% are just... pretty.

We analyzed 500+ Ghibli-inspired creatives withand found what actually drives clicks:

â€“ Prompt structure
â€“ Whimsical headlines
â€“ Cozy backgrounds
â€“ CTAs that extend the vibe

Trend â‰  Performance.

Craft smart.","3w â€¢ 
 3 weeks ago â€¢ Visible to anyone on or off LinkedIn",35,4,,0,277,2025-04-24 12:48:42
Activity | Archit Anand,https://www.linkedin.com/in/archit-anand/,Post,"Looking for 1 intern to work with me in Founders office so we can launch some of the vibe coding projects I am working on. 

What I am looking for :

- You are not daunted by targets or timelines.
- You know how to use AI tools to get work done quickly
- You have a basic understanding of AI agentic architecture and can use frameworks and existing setups to build on top of
- You know how to fine-tune and train LLMs over small and large data sets.
- Fullstack developer who has built apps In Python and MERN
- Above all, you are ready to work in a fast paced environment where there are no official working hours.

I work 24/7, This will be a fast paced 4-6 month internship which will not only help you learn how to build AI agents and apps relevant for real businesses but also see how today's world of AI native startups operate.

If this doesn't scare you off but instead excites you, I am looking for you and want to work with you to build some cool stuff. DM or reply here with link of some cool AI projects you have built. Lets ğŸš€","3w â€¢ 
 3 weeks ago â€¢ Visible to anyone on or off LinkedIn",53,13,,0,1038,2025-04-24 12:48:49
Activity | Archit Anand,https://www.linkedin.com/in/archit-anand/,Post,"$5K social media audits are dead.

I just killed them with AI.

Iâ€™ve built a fully autonomous AI agent that audits your entire social media accounts in seconds.

While agencies are charging $5K+ for ad audits...

My agent does it for free.

I tested this with:
7- and 8-figure CPG brands
Burnt-out media buyers stuck in creative fatigue
Ecom stores struggling with creative testing

Their reaction?
â€˜This found issues our $10K/month agency missedâ€™

Hereâ€™s what it analyzes:
- Competitor strategy gaps
- Targeting recommendations
- High-converting hook angles
- Custom creative direction

Just comment â€˜AUDITâ€™ below and connect with me. Thatâ€™s it.

Iâ€™m giving free access to it for this week.","3w â€¢ 
 3 weeks ago â€¢ Visible to anyone on or off LinkedIn",34,18,,0,691,2025-04-24 12:48:56
Activity | Archit Anand,https://www.linkedin.com/in/archit-anand/,Post,"ğŸš¨ Beware of Bad Agencies â€“ Share Your Experience ğŸš¨
Just wrapped up a horrible experience with a well-known performance marketing agency, and I donâ€™t want others to go through the same ordeal. If youâ€™ve ever been burned by an agency that overpromised and underdelivered, nowâ€™s the time to share your story. Letâ€™s create a reference list of agencies to avoid so businesses can make better decisions.
Hereâ€™s what happened in just two weeks of working with them:
âŒ The founder dismissed repeated concerns, telling us to â€œhave faith.â€
âŒ Work was blindly delegated to junior staff with no real understanding of our business.
âŒ Despite multiple training sessions, they kept using messaging we explicitly rejected.
âŒ No flexibility, no accountabilityâ€”just delays and excuses.
âŒ When asked for a refund, they ghosted, stretched timelines, and disregarded SLAs.
âŒ After barely two weeks of poor work (1 static post + 1 story), they claimed they spent 45 days on our account and offered only 20% backâ€”at some future date, if their accounting team allowed it.
This isnâ€™t just my story. I know many brands have faced the same struggles. Letâ€™s call them out. If we get 10 people to share their horror stories, Iâ€™ll name the agency here.
ğŸ‘‡ Drop your experiences in the comments. Tag others who should see this. Letâ€™s make sure bad agencies donâ€™t keep getting away with this.","4w â€¢ 
 0 months ago â€¢ Visible to anyone on or off LinkedIn",29,29,,0,1359,2025-04-24 12:49:03
Activity | Aaron Golbin,https://www.linkedin.com/in/aarongolbin/,Post,"Join our newly formed corporate innovation leaders council of you're a seasoned executive within corp dev/open innovation. We partner with dozens of enterprises like Google, L'Oreal, and Shopline to bolster innovation like never before.","16h â€¢ 
 16 hours ago â€¢ Visible to anyone on or off LinkedIn",15,1,,0,236,2025-04-24 12:50:39
Activity | Aaron Golbin,https://www.linkedin.com/in/aarongolbin/,Post,"ğŸ’¸ Are you a CPG founder looking for funding? 

The LvlUp CPG Fund is here to back high-growth brands in CPG, consumer tech, food & bev, health, sports, beauty, and more, in partnership with our anchor LP,.

What we offer:
ğŸ’¸ $10Kâ€“$25K in initial strategic investment
ğŸ¤ Hands-on fundraising, scaling & ops support from the LvlUp team
ğŸš€activation to power your DTC growth

This isnâ€™t just capital â€” itâ€™s a full-stack support system to help you scale smarter and faster.

If you (or someone you know) is building the next breakout consumer brand, we want to hear from you.

ğŸ‘‰ Apply here:","1d â€¢ 
 1 day ago â€¢ Visible to anyone on or off LinkedIn",37,7,,0,583,2025-04-24 12:50:46
Activity | Aaron Golbin,https://www.linkedin.com/in/aarongolbin/,Post,Congratulations to my father Alex Golbin on the release of his first book on cyber security & risk management!,"1d â€¢ 
 1 day ago â€¢ Visible to anyone on or off LinkedIn",10,1,,0,110,2025-04-24 12:50:53
Activity | Aaron Golbin,https://www.linkedin.com/in/aarongolbin/,Post,Big win for our PortCo Interactive Images,"2d â€¢ 
 2 days ago â€¢ Visible to anyone on or off LinkedIn",11,11,,0,41,2025-04-24 12:51:00
Activity | Aaron Golbin,https://www.linkedin.com/in/aarongolbin/,Post,"ğŸš¨ Investors â€“ Letâ€™s Partner Up

Weâ€™re expanding our Investor Network and looking for VCs, angels, family offices, and syndicates who want to:

ğŸ” Access early-stage dealflow
ğŸ¤ Join exclusive, investor-only events
ğŸ’¸ Explore co-investments + syndications
ğŸŒ Connect with other active investors

If youâ€™re looking to collaborate on high-quality startup opportunities, weâ€™d love to connect.

ğŸ‘‰ Takes less than 2 minutes to join:

Letâ€™s source bold founders and back the next wave of breakout startups together. ğŸš€","2d â€¢ 
 2 days ago â€¢ Visible to anyone on or off LinkedIn",58,3,,0,506,2025-04-24 12:51:07
Activity | Aaron Golbin,https://www.linkedin.com/in/aarongolbin/,Post,"âš ï¸ Before you pitch another VC...

â€¦make sure youâ€™re not missing out on this: a <5 min app that puts your deck in front of 15+ investors we work with directly.

This is the play founders are running behind the scenes to get in front of funds like,,,,,,, and more.

ğŸ“Œ Drop your startup name + one-liner in the comments and Iâ€™ll personally follow up.","2d â€¢ 
 2 days ago â€¢ Visible to anyone on or off LinkedIn",150,211,,0,348,2025-04-24 12:51:14
Activity | Aaron Golbin,https://www.linkedin.com/in/aarongolbin/,Post,"âš ï¸ Before you pitch another VC...

â€¦make sure youâ€™re not missing out on this: a <5 min app that puts your deck in front of 15+ investors we work with directly.

This is the play founders are running behind the scenes to get in front of funds like,,,,,,, and more.

ğŸ“Œ Drop your startup name + one-liner in the comments and Iâ€™ll personally follow up.","2d â€¢ 
 2 days ago â€¢ Visible to anyone on or off LinkedIn",150,211,,0,348,2025-04-24 12:51:35
Activity | Aaron Golbin,https://www.linkedin.com/in/aarongolbin/,Post,"VCs, CPG investors, and consumer brand foundersâ€”this event is for you!

ğŸŒï¸â€â™€ï¸LvlUp Ventures East Hampton Invitational
A Mini-Golf Showdown + High-Growth CPG Networking Experience
ğŸ“… June 5 | East Hampton | Part of Hamptons Tech Week

Weâ€™re bringing together the best of venture and consumer for a summer afternoon of friendly competition, high-conviction connections, and curated tastings from some of the most exciting up-and-coming brands. This is not your average Hamptons mixer.

What to Expect:
â›³ A competitive mini-golf tournament (bragging rights included)
ğŸ¤ A founder-investor reception designed for real conversations
ğŸª Gourmet bites + beverages from breakthrough CPG brands
ğŸ Curated gift bags youâ€™ll actually want to take home

Just added:
ğŸ‰joins as our headline sponsorâ€”powering next-gen DTC and omnichannel growth.
ğŸ°will be sweetening up the day with their indulgent creations.
ğŸŒ¿is bringing their better-for-you vibes to the snack table.

Plus tastings from:
ğŸ«â€“ Clean, superfood-powered treats
ğŸª All Heart Baking â€“ Health-forward shortbreads
ğŸ¥œâ€“ Luxe heirloom nuts + dried fruits

ğŸ‘‡ Space is limited. RSVP below to lock in your spot ğŸ‘‡
ğŸ”—","1w â€¢ 
 1 week ago â€¢ Visible to anyone on or off LinkedIn",18,5,,0,1147,2025-04-24 12:51:21
Activity | Aaron Golbin,https://www.linkedin.com/in/aarongolbin/,Post,"ğŸš¨ Are you raising a Pre-Seed or Seed Round? I can put you in front of 15+ top VCs in <5 minutes. No joke.

ğŸ“Œ Like this post & comment your company name + one-liner below! I'll DM you with the next steps!

ğŸ’¡ I know fundraising can be brutal. Thatâ€™s why at LvlUp Ventures, weâ€™re cutting out the cold outreach and helping founders connect with the right investorsâ€”fast, warm, and direct.

We work directly with active investors at,,,,,,, Lâ€™OrÃ©al CVC,, and several others.

Letâ€™s get your startup funded. ğŸš€","1w â€¢ 
 1 week ago â€¢ Visible to anyone on or off LinkedIn",854,1061,,0,502,2025-04-24 12:51:27
Activity | Aaron Golbin,https://www.linkedin.com/in/aarongolbin/,Post,"VCs, CPG investors, and consumer brand foundersâ€”this event is for you!

ğŸŒï¸â€â™€ï¸LvlUp Ventures East Hampton Invitational
A Mini-Golf Showdown + High-Growth CPG Networking Experience
ğŸ“… June 5 | East Hampton | Part of Hamptons Tech Week

Weâ€™re bringing together the best of venture and consumer for a summer afternoon of friendly competition, high-conviction connections, and curated tastings from some of the most exciting up-and-coming brands. This is not your average Hamptons mixer.

What to Expect:
â›³ A competitive mini-golf tournament (bragging rights included)
ğŸ¤ A founder-investor reception designed for real conversations
ğŸª Gourmet bites + beverages from breakthrough CPG brands
ğŸ Curated gift bags youâ€™ll actually want to take home

Just added:
ğŸ‰joins as our headline sponsorâ€”powering next-gen DTC and omnichannel growth.
ğŸ°will be sweetening up the day with their indulgent creations.
ğŸŒ¿is bringing their better-for-you vibes to the snack table.

Plus tastings from:
ğŸ«â€“ Clean, superfood-powered treats
ğŸª All Heart Baking â€“ Health-forward shortbreads
ğŸ¥œâ€“ Luxe heirloom nuts + dried fruits

ğŸ‘‡ Space is limited. RSVP below to lock in your spot ğŸ‘‡
ğŸ”—","1w â€¢ 
 1 week ago â€¢ Visible to anyone on or off LinkedIn",18,5,,0,1147,2025-04-24 12:51:42
Activity | Aaron Golbin,https://www.linkedin.com/in/aarongolbin/,Post,"ğŸš¨ Are you raising a Pre-Seed or Seed Round? I can put you in front of 15+ top VCs in <5 minutes. No joke.

ğŸ“Œ Like this post & comment your company name + one-liner below! I'll DM you with the next steps!

ğŸ’¡ I know fundraising can be brutal. Thatâ€™s why at LvlUp Ventures, weâ€™re cutting out the cold outreach and helping founders connect with the right investorsâ€”fast, warm, and direct.

We work directly with active investors at,,,,,,, Lâ€™OrÃ©al CVC,, and several others.

Letâ€™s get your startup funded. ğŸš€","1w â€¢ 
 1 week ago â€¢ Visible to anyone on or off LinkedIn",854,1061,,0,502,2025-04-24 12:51:49
Activity | Aaron Golbin,https://www.linkedin.com/in/aarongolbin/,Post,"ğŸš€ What We Look for in Startups at LvlUp Ventures ğŸš€
(From the investorâ€™s perspective)

At LvlUp Ventures, we back Seed-stage startups that are bold enough to think differentlyâ€”and scrappy enough to make it happen.

Hereâ€™s what stands out to us when reviewing new opportunities:

âœ… Clear Problem & Unique Insight
Startups that truly understand the pain point they're solving and bring a fresh, founder-led perspective to the table.

âœ… Early Signs of Traction
This doesn't have to be sky-high revenueâ€”but strong signals like user retention, organic growth, partnerships or early sales channels working well.

âœ… A Sharp, Coachable Team
We love founders who are relentless and receptive. You're the expert in your domainâ€”but open to strategic collaboration.

âœ… Capital Efficiency
Weâ€™re big believers in doing more with less. Efficient execution and thoughtful resource allocation go a long way in this market.

âœ… Platform Potential
Can this product evolve into something bigger? We get excited by businesses with real ecosystem or category-defining potential.

Our team rolls up its sleeves post-investmentâ€”we donâ€™t just write checks, we help you grow through partnerships, channel support, and deep founder-in-residence experience.

If you're building something bold, weâ€™d love to hear from you.

ğŸ”— Apply Now:","1w â€¢ 
 1 week ago â€¢ Visible to anyone on or off LinkedIn",47,4,,0,1305,2025-04-24 12:51:55
Activity | Aaron Golbin,https://www.linkedin.com/in/aarongolbin/,Post,"Do you want access to a database of 900+ Verified VCs & Angels?

ğŸ“© Want the list?
Just like this post and comment â€œSend me the list!â€ below â€” and Iâ€™ll send it your way.

My colleaguerecently shared a list of 1,200 VC and Angel Investors and the response was huge. So we took it up a notch and further verified the list:

âœ… 900+ active VCs and angel investors
âœ… Every email 100% verified â€” zero bounces
âœ… All investors are currently deploying capital

ğŸ‘‰ Why share this?
Because fundraising shouldnâ€™t be a black box. Founders deserve transparency, tools, and connections to win â€” and Iâ€™m committed to supporting that journey.

ğŸ’¸ Raising funding?
partners with 15+ funds investing at Pre-Seed & Seed. Apply once, get exposure to dozens of active investors.
ğŸ”—","2w â€¢ 
 2 weeks ago â€¢ Visible to anyone on or off LinkedIn",760,1688,,0,755,2025-04-24 12:52:03
Activity | Aaron Golbin,https://www.linkedin.com/in/aarongolbin/,Post,"ğŸŒ… We are excited to announce Scalafai has been accepted into the prestigious NextUp accelerator program by LvlUp Ventures! As a Forbes-recognized top 25 global accelerator, NextUp accepts only 1.6% of startups across thousands of applicants.

We're honored to join this elite community of innovators! Thank you toand the remarkable LvlUp team for believing in our vision and ability to execute!

This marks a pivotal moment in Scalafaiâ€™s mission to help businesses get better results, faster, through our AI-powered goal management platform, Safia. The platform pairs powerful Gen AI with Google Workspace and Microsoft 365 data to bridge the gap between business strategy and day-to-day execution.

NextUp's track record of creating industry leaders comes from their proven playbook and expert mentorship. The results? Portfolio companies achieve 5x average revenue growth within 6 months, with startup failure rates plummeting from 90% to less than 4%.

Followandto stay updated on our progress as we work to solve the challenge that 70% of companies face - effectively connecting strategy to day-to-day work.

Want to experience how AI can transform your goal management and bridge the strategy/execution gap? See for yourself with a free Safia trial available using the link in the comments below! ğŸ‘‡","2w â€¢ 
 2 weeks ago â€¢ Visible to anyone on or off LinkedIn",29,4,,0,1303,2025-04-24 12:52:10
Activity | Aaron Golbin,https://www.linkedin.com/in/aarongolbin/,Post,Excited to partner with Otherwise Brewing as our fist portfolio company in our new CPG Fund!,"2w â€¢ 
 2 weeks ago â€¢ Visible to anyone on or off LinkedIn",19,19,,0,92,2025-04-24 12:52:17
Activity | Aaron Golbin,https://www.linkedin.com/in/aarongolbin/,Post,"ğŸš€ Why 2025 Might Be the Best Time in a Decade to Build a CPG Brand

With all the talk about rising costs, tighter capital, and DTC strugglesâ€”it might seem like the odds are stacked against emerging CPG brands. But under the surface, there's something exciting happening:

ğŸ”¹ Retail buyers are hungry for innovative indie products that build loyalty and drive growth in a saturated aisle.
ğŸ”¹ Strategic acquirers are backâ€”2024 saw a ~20% YoY increase in M&A activity in food & beverage, especially in better-for-you and premium segments.
ğŸ”¹ Community-led brands are thriving on platforms like TikTok, where 67% of Gen Z say they discover new CPG products.
ğŸ”¹ Capital is still flowing, but itâ€™s flowing smarterâ€”investors are favoring capital-efficient operators with strong gross margins and clear paths to profitability.

ğŸ’¡ If youâ€™re a founder building with a focus on retail strategy, product velocity, and community, you might be more â€œVC-backableâ€ than you think.
Apply for Funding from theCPG Fund:

ğŸ’¼ And if youâ€™re an investor, this is the perfect moment to back brands that blend great storytelling with margin discipline and omni-channel savvy.
Join the LvlUp Ventures Investor Network:

âœ¨ The CPG playbook has changedâ€”but for those who adapt, it might just be the best time to build.","2w â€¢ 
 2 weeks ago â€¢ Visible to anyone on or off LinkedIn",36,5,,0,1285,2025-04-24 12:52:24
Activity | Aaron Golbin,https://www.linkedin.com/in/aarongolbin/,Post,"ğŸš¨ Startups, VCs, and the Tariff Tension: What Now? ğŸš¨

President Trumpâ€™s newly reimposed tariffs are shaking markets, prompting a deeper question: What does this mean for startups and venture capital?

ğŸ“‰ The Bad News:

Nasdaq is rattled â€” with tech giants likeanddropping double digits.

andpostponed IPOs due to valuation pressure and uncertainty.

VCs are jittery.'warned of a funding slowdown: â€œNo exits = no returns = no new funds.â€

ğŸ“ˆ The (Possible) Silver Lining:

Some sectors â€” like
â€” are seeing more investor attention.is reportedly raising a $20B megafund focused on U.S. growth-stage AI.

Multinational giants like,, andhave committed to pouring hundreds of billions of dollars into U.S.-based fabs and advanced manufacturing, potentially creating downstream opportunities for startups in
,
,
, and
.

Tariff-induced instability might spur innovation, local
, and startup diversification â€” long-term positives for resilient founders.

ğŸ’¬ But hereâ€™s the real question: Are these tariffs a bargaining chip? Will we see them lifted or selectively reduced as leverage in future negotiations â€” especially with key allies and trade partners? Could this be temporary noise, or the start of a prolonged recalibration of the global startup landscape?","2w â€¢ 
 2 weeks ago â€¢ Visible to anyone on or off LinkedIn",20,13,,0,1250,2025-04-24 12:52:30
Activity | Aaron Golbin,https://www.linkedin.com/in/aarongolbin/,Post,Excited to speak alongside our portfolio company CornerstoneX on Agentic AI in Enterprise & Government at Gartner.,"2w â€¢ 
 2 weeks ago â€¢ Visible to anyone on or off LinkedIn",21,1,,0,114,2025-04-24 12:52:36
Activity | Aaron Golbin,https://www.linkedin.com/in/aarongolbin/,Post,"ğŸš¨ Investors: Want to tap into early access to top startups, exclusive networking events, and high-quality dealflow?

Weâ€™re growing our Investor Network â€” and weâ€™d love to include you.

If you're a VC, angel, family office, or fund looking to:
âœ… Share or receive curated dealflow
âœ… Join private investor-only events
âœ… Explore co-investment and syndication opportunities
âœ… Connect with other active investors in our community
...then this is for you.

ğŸ‘‰ It takes less than 2 minutes to sign up and indicate your interests:

Letâ€™s collaborate to back bold founders and build the future. ğŸš€","2w â€¢ 
 2 weeks ago â€¢ Visible to anyone on or off LinkedIn",35,1,,0,585,2025-04-24 12:52:43
Activity | Aaron Golbin,https://www.linkedin.com/in/aarongolbin/,Post,This is game changing and the first program of its kind in VC. Apply today!,"2w â€¢ 
 2 weeks ago â€¢ Visible to anyone on or off LinkedIn",21,3,,0,75,2025-04-24 12:52:50
Activity | Aaron Golbin,https://www.linkedin.com/in/aarongolbin/,Post,"Here are the 40+ New Funds Announced in March 2025 ğŸ’¸

Hereâ€™s the full list:
â†³ 1.â€“ $600M


â†³ 2.â€“ $1B


â†³ 3.â€“ $350M


â†³ 4.â€“ $50M


â†³ 5. Doit â€“ $250M


â†³ 6. Homegrown Capital â€“ $30M


â†³ 7.â€“ $43M


â†³ 8.â€“ $25M


â†³ 9. Jsquare â€“ $50M


â†³ 10.â€“ â‚¬1.2B


â†³ 11.â€“ $100M


â†³ 12. Aligned Climate Capital â€“ $85M


â†³ 13. Soul Street Ventures â€“ $22.5M


â†³ 14.â€“ $33M


â†³ 15.â€“ $175M


â†³ 16. @Sofinnova Partners (II) â€“ â‚¬165M


â†³ 17.â€“ $175M


â†³ 18.â€“ $500M


â†³ 19.Partners â€“ $100M


â†³ 20.â€“ $24M


â†³ 21.â€“ $400M


â†³ 22.â€“ â‚¬100M


â†³ 23.â€“ $55M


â†³ 24.â€“ $190M


â†³ 25. Daphni â€“ $215M


â†³ 26.â€“ $181.8M


â†³ 27. Innosphere â€“ $11M


â†³ 28.â€“ $177M


â†³ 29.â€“ $200M


â†³ 30.â€“ $80M


â†³ 31.â€“ $1B


â†³ 32.â€“ $1B


â†³ 33. Tactile â€“ $100M


â†³ 34.â€“ $107M


â†³ 35.â€“ $300M


â†³ 36.(Harvard HBS Class Fund) â€“ ~$1M

â†³ 37. Camino Partners â€“ $350M

â†³ 38. EA Ventures xâ€“ â‚¬20M

â†³ 39.â€“ â‚¬50M

â†³ 40.â€“ $500M

â†³ 41.â€“ â‚¬250M

â†³ 42.â€“ â‚¬220M

â†³ 43.â€“ â‚¬100M

ğŸš€continues to actively deploy capital alongside 15+ funding partners through our VC in Residence and Startup Programs, supporting founders across verticals.

Apply for Funding ğŸ‘‰
Join Our Investor Network ğŸ‘‰","2w â€¢ 
 2 weeks ago â€¢ Visible to anyone on or off LinkedIn",262,27,,0,1093,2025-04-24 12:52:57
Activity | Aaron Golbin,https://www.linkedin.com/in/aarongolbin/,Post,"ğŸŒ Proud Portfolio Spotlight: TerGoğŸŒ±

At LvlUp Ventures, weâ€™re backing bold founders who arenâ€™t just building companiesâ€”theyâ€™re building new categories. Thatâ€™s exactly what TerGo is doing with emissions intelligence.

As regulatory pressure mounts in the U.S. and Europe, and carbon disclosures become mandatory for tens of thousands of companies, TerGo is stepping in with a first-of-its-kind solution: a decentralized emissions data intelligence infrastructure powered by AI/ML, blockchain, and real-time data aggregation.

ğŸ“² Their flagship app, TERbit, turns everyday user behavior into verifiable emissions data, while Tergoscope offers comprehensive carbon accounting that meets international reporting standards.

ğŸ’¡ Why we're excited:
90%+ client conversion rate ğŸ”¥
240% revenue forecast beat for 2024 ğŸ“ˆ
Backed by Microsoft Founders Hub ğŸ’¼
Issued patents and growing IP portfolio ğŸ“‘
Over 100K+ employee users on the waiting list â³

TerGo is not just helping companies comply with ESG mandatesâ€”theyâ€™re giving them the data infrastructure to lead on climate accountability.

Website:

If you're a founder solving complex problems with tech and vision like TerGo, weâ€™d love to meet you. ğŸ‘‹

Apply Here ğŸ‘‰","2w â€¢ 
 2 weeks ago â€¢ Visible to anyone on or off LinkedIn",17,17,,0,1201,2025-04-24 12:53:04
Activity | Aaron Golbin,https://www.linkedin.com/in/aarongolbin/,Post,"Do you want access to a database of 1,200 Verified Family Office Investors?

ğŸ“© Want the list?
Simply like this post and comment â€œSend me the list!â€ below, and I'll send it your way.

I recently shared a list of 6,500 family office investors â€” but due to popular demand, our team took it a step further. I've now verified each investorâ€™s email and activity, refining the list down to 1,200 verified and active family office investors!

ğŸ‘‰ Why am I doing this?
Because I believe in the power of community and collaboration. Founders and fund managers shouldnâ€™t have to navigate the complex world of fundraising alone. I'm here to provide the tools, support, and connections you need to level up.

ğŸ’¸ Are you looking for funding?
At, we work with 15+ funding partners who actively invest in Pre-Seed and Seed rounds. If youâ€™re raising â€” or thinking about it â€” apply to our network. One app = exposure to dozens of investors.

ğŸ”—","3w â€¢ 
 3 weeks ago â€¢ Visible to anyone on or off LinkedIn",0,2490,,0,922,2025-04-24 12:53:12
Activity | Robert SchÃ¶ne,https://www.linkedin.com/in/robertsch%C3%B6ne/,Post,"If told many people that the real breakthrough of AI is not the technology itself but the impact on what is called challenge skills balance.

Why that is? Well, AI can takeover repetitive task (boring stuff) and help solve complex problems (overwhelming stuff). Both directly influence the challenge-skills-balance and foster flow.

The result? Happier employees.

The research here confirms that. What is more: AI breaks down silos. Thatâ€™s another benefit.

The future belongs to AI augmented teams.

Whatâ€™s not to like?

Go, start. Now. Or risk being left behind.","1mo â€¢ 
 1 month ago â€¢ Visible to anyone on or off LinkedIn",1,3,,0,565,2025-04-24 12:55:47
Activity | Robert SchÃ¶ne,https://www.linkedin.com/in/robertsch%C3%B6ne/,Post,"Iâ€™m part of a community that is just INCREDIBLE.

What Harald is doing is, yes, a lead magnet. Whatâ€™s behind it is pure value. I tested the system for B2B growth myself.

It is all you want and need - on autopilot.

Trust meâ€¦ insane","1mo â€¢ 
 1 month ago â€¢ Visible to anyone on or off LinkedIn",5,2,,0,232,2025-04-24 12:55:54
Activity | Robert SchÃ¶ne,https://www.linkedin.com/in/robertsch%C3%B6ne/,Post,"Like the early days of growing up, AI is uncharted territory for many people today. The word AI has caused and continues to cause much unrest. 

I don't think the uncertainty comes only from the technological side.  It seems many companies might not be aware of the why, what, and how of AI.

â¡ï¸ The ""why"" of AI refers to my business strategy and why AI might influence my success
â¡ï¸ The ""what"" of AI refers to the type of validation process AI undergoes to create a business-case out of a use-case
â¡ï¸ The ""how"" of AI refers to the process of change that needs to be well planned and executed

So, where does uncertainty come from? Is it a lack of knowledge about the technology or how to anchor it sustainably in the company?

In any case: We need to change that.

Any thoughts?","1mo â€¢ 
 1 month ago â€¢ Visible to anyone on or off LinkedIn",5,3,,0,779,2025-04-24 12:56:02
Activity | Robert SchÃ¶ne,https://www.linkedin.com/in/robertsch%C3%B6ne/,Post,"Noch keinen klaren Blick auf ESG-Reports?

Ich habe vor kurzem Ã¼ber KI-basierte ESG-Agents geschrieben. 

Anbei das Dokument, zur Vertiefung der Inhalte.

Originallink mit dem Video in den Comments.

Wer nutzt schon AI-Agents?","1mo â€¢ Edited â€¢ 
 1 month ago â€¢ Edited â€¢ Visible to anyone on or off LinkedIn",4,1,,0,226,2025-04-24 12:56:09
Activity | Robert SchÃ¶ne,https://www.linkedin.com/in/robertsch%C3%B6ne/,Post,"Transform your Digital Agency to an AI-data-driven Agency IN MINUTES.

I know that many Agencies have to do more, but every additional resource you have to hire hurts. Imagine boosting productivity by an eye-watering 35%, with AI allowing you to double the number of clients you can cover with your current workforce âš¡

I created the ""AI Data Intelligence in Digital Media Agencies"" guide, which has already been tested and proven.

Hereâ€™s what you gain:
â¡ï¸ Master automated E2E processes, from Strategy, to Account Management, to Operations and Finance, to achieve incomparable efficiency
â¡ï¸ Discover every step of AI benefits - from improved agency operations to more competent employees
â¡ï¸ Unleash the potential to save time while reducing costly errors

Want direct access?
1ï¸âƒ£ Connect with me (We need to be connected so I can send DMs with the resources)
2ï¸âƒ£ Comment ""Agency"" below, and itâ€™s yours.

BONUS: Repost this, and we'll schedule a free one-on-one call during which I can advise you on how and where to start with AI.

This BONUS is FREE for the next 24 hours - your exclusive chance to learn real-world examples of how AI can help. No fluff, no bullshit. This is all possible already.

Donâ€™t let this opportunity slip away. Elevate your agency into a beacon of efficiency and insight today!","1mo â€¢ 
 1 month ago â€¢ Visible to anyone on or off LinkedIn",65,370,,0,1306,2025-04-24 12:56:16
Activity | Robert SchÃ¶ne,https://www.linkedin.com/in/robertsch%C3%B6ne/,Post,"Eigentlich wollte ich eine Hypothese mit Perplexity challengenâ€¦

Kann man alleine 10 Kunden Ã¼ber 5 Inventare als Einzelagenturinhaber betreuen und dabei effizienter als die meisten Konkurrenten sein.

Spoilerâ€¦Yes you can. Technologien wiecovern eingehende AuftrÃ¤ge, eingehende Rechnungen, Analyse diverser Reports, Budgetverteilung, Analyse der besten Mediainventare, RÃ¼ckfrage zu Specs, RÃ¼ckfrage zuâ€¦ was auch immer man Wissen, vergleichen, analysieren, visualisieren, automatisieren will.

Dann wurde es aber spooky. Als Perplexity mich als Quelle in LinkedIn zitiert hatâ€¦ ğŸ¤¨

Was ist das fÃ¼r ein RAG Modell? Was speichert Perplexity da von mir?

Zufall oder Absicht?","1mo â€¢ 
 1 month ago â€¢ Visible to anyone on or off LinkedIn",4,4,,0,668,2025-04-24 12:56:23
Activity | Robert SchÃ¶ne,https://www.linkedin.com/in/robertsch%C3%B6ne/,Post,"Ich stimme zu!
Es ist schon erschreckend, wie viele Fehler bei der Pilotierung oder Implementierung von KI gemacht wird. 

Prozess, Daten, Skills, KPIs, Kultur sind allesamt relevante Schwerpunkte, die ineinander greifen mÃ¼ssen. Fehlt ein Aspekt, scheitert das â€œProjektâ€.

Das Gesamtkonzept nennt man Ã¼brigens Change Management.
Heisst? Statt KI-Expertise braucht es Transformationskompetenz. Klar, man muss den Hype schon durchdringen. Aber ist ein technologisches GrundverstÃ¤ndnis erst einmal vorhanden, braucht es einfach â€œnurâ€ CHANGE.

Bildet AI Experts und Innovations Manager aus. Von mir aus ganze Armeen dieser schon auch wichtigen Profile.

Sofern allerdings niemand etwas von Human-Centred-Strategy, Werte-Systemen wie Spiral Dynamics, Habit-Change oder Top/Down x Bottom-Up Transformation verstehtâ€¦ bleibt vieles auf der Strecke.

Wir brauchen Change, fÃ¼r erfolgreiche AI. Let there be CHANGE!

Und jaâ€¦ das viel besagte â€œMindsetâ€. Damit fÃ¤ngt es an.","1mo â€¢ 
 1 month ago â€¢ Visible to anyone on or off LinkedIn",1,1,,0,960,2025-04-24 12:56:29
Activity | Robert SchÃ¶ne,https://www.linkedin.com/in/robertsch%C3%B6ne/,Post,"Ich habe in 15 Minuten zwei ESG-Agents erstellt, mit denen mittelstÃ¤ndische Unternehmen bis zu 300.000 Euro an Einsparungen erzielen kÃ¶nnen. 

Hier erklÃ¤re ich wie...

Problem: Alle sprechen vom Value von AI, doch nur Wenige verstehen wirklich, wie man Geld einsparen kann.
LÃ¶sung: Durch das schnelle Upskilling von Mitarbeiter:innen und die Automatisierung durch Agenten kÃ¶nnen, alleine im Bereich ESG, signifikante Kosten gespart werden.

Bereit die eigene ESG-Berichterstattung zu verÃ¤ndern? ğŸš€ğŸŒ±

Ich habe einen Guide und einen ESG-Agent erstellt, der Mitarbeiter von Zero-to-Hero im Bereich ESG katapultiert.

Hier ist was der Guide abdeckt:
âœ… Dimensionen eines ESG Reports
âœ… Relevante Datenquellen (inkl. Links zum Download von Templates und Legal-Dokumenten)
âœ… Step-by-Step Guide zur Erstellung eines Reports durch KI
âœ… Video eines ESG Agents

ğŸ”— Ihr wollt Zugriff auf den Guide?

1. Kommentiert mit ""ESG""
2. Schickt mir eine Vernetzungsanfrage (die braucht es, um euch eine DM mit dem Guide zu senden)

Ich sende die Ressourcen.

Viele Unternehmen sind Ã¼berwÃ¤ltigt von der KomplexitÃ¤t der Daten! Jetzt ist die Zeit fÃ¼r KI-Agenten.","1mo â€¢ Edited â€¢ 
 1 month ago â€¢ Edited â€¢ Visible to anyone on or off LinkedIn",11,4,,0,1135,2025-04-24 12:56:37
Activity | Robert SchÃ¶ne,https://www.linkedin.com/in/robertsch%C3%B6ne/,Post,"This lead magnet is 100% AI made. 
â†³ It got me 420 leads and 4 new sales. 

A lot of people want to craft good lead magnets they can promote on LinkedIn.

The problem is that they take forever to make.

Weâ€™ve now cracked that problem.

Our tool creates high-value lead magnets in under 10 minutes.

It works like this:
1ï¸âƒ£ You fill in your company info
2ï¸âƒ£ You get ideas for lead magnets
3ï¸âƒ£ You choose one.
4ï¸âƒ£ You get custom questions to answer about your methodologies.

Lead Magnet DONE âœ…

Weâ€™re using this to generate new lead magnets every day.

They have generatedand I 11,000 leads over the past 3 months.

Want to learn how to use it for yourself?

ğŸ‘‰ â€” Comment â€œTOOLâ€ â€”

And Iâ€™ll send it straight to your inbox. (Make sure we are connected on here so that I am able to message you)

â™»ï¸ Alsoâ€¦ heheâ€¦ if you repost this to help me, Iâ€™ll use the tool to create a lead magnet for your business, and send it to you in DMs. Just repost, and DM me, and Iâ€™ll use the tool for you.","1mo â€¢ 
 1 month ago â€¢ Visible to anyone on or off LinkedIn",62,192,,0,980,2025-04-24 12:56:45
Activity | Robert SchÃ¶ne,https://www.linkedin.com/in/robertsch%C3%B6ne/,Post,"""Reaching almost $100.000 ARR in just a few months""


I learned precisely that in just a couple of weeks.

One of the success factors was turning LinkedIn into a machine.

A machine that converts impressions to clients automatically - without spending money on ads!!!

Now, you, too, can turn LinkedIn into a machine, because I got permission to share it.

This system turns LinkedIn into a nonstop lead generation and revenue engine.

Automated means: Really on autopilot

It is three simple steps only...

This is how the system works:

âœ… Automated value-based post
â€¢ AI crafts a hyper-specific, â€œvalue-bait postâ€ that attracts only your dream clients and confirms demand before you invest hours into creating a resource for them.

âœ… Automated content generation
â€¢ It transforms your validated post into a high-converting guide that delivers massive value and practically sells itself with every interaction.

âœ… Automate follow-ups
â€¢ It sets up a powerful automation in n8n so that you follow up on your engaged audience and lead them to a purchasing decision without you ever talking 1-1 with them.

This fully automated system is the secret behind explosive B2B growth, and the best part is that you can set it up for free.

Want access?
1ï¸âƒ£ First: Follow & connect with me.
2ï¸âƒ£ Second: Comment â€œAUTOMATIONâ€ below. (We need to be connected so I can DM you the guide and setup details.)

I know firsthand how challenging post ideas, content generation, and follow-ups can be. This automated system is a game changer...","2w â€¢ Edited â€¢ 
 2 weeks ago â€¢ Edited â€¢ Visible to anyone on or off LinkedIn",89,575,,0,1521,2025-04-24 12:55:18
Activity | Robert SchÃ¶ne,https://www.linkedin.com/in/robertsch%C3%B6ne/,Post,"For my german speaking community:
Wir sind mitten in den Vorbereitungen fÃ¼r unser erstes AI & Future Skills Retreat Ende Mai - raus aus der online KI Bubble, rein ins echte Erleben. KI nicht nur lernen, sondern wirklich spÃ¼ren, durchdenken, hinterfragen. Mit Lagerfeuer, Natur und Berge (und ja, wir sitzen auch am Rechner ;-)

FÃ¼r alle, die spÃ¼ren, dass da gerade ein groÃŸer Wandel passiert â€“ und Lust haben, ihn bewusst mitzugestalten.

-> Mai ist fast voll âœ…
-> FÃ¼r Oktober gibtâ€™s eine Warteliste

Meld dich gern bei mir!

Warteliste:


Infos:","6d â€¢ 
 6 days ago â€¢ Visible to anyone on or off LinkedIn",10,5,,0,546,2025-04-24 12:54:29
Activity | Robert SchÃ¶ne,https://www.linkedin.com/in/robertsch%C3%B6ne/,Post,"BIG TECHâ€™S AI BETS - are we back on (AI) track?

""Big tech companies â€” Alphabet (Google), Amazon, Apple, Meta, Microsoft, and Nvidia â€” earned nearly $2T in aggregate revenue in 2024, up 15% from 2023.

They already dwarf the private tech sector â€” surpassing the combined value of all 1,200+ unicorns by a factor of 3 â€” and after a period of layoffs, theyâ€™re back to hiring, with 2024 headcount growing an average of 7% YoY.

Now, theyâ€™re betting big on AI to power their next growth phase.""

They are expected to spend over $320 billion on AI infrastructure in 2025. This is a big jump from $246 billion in 2024.

Here are some key points:
â¡ï¸ Massive Investments: Amazon plans to spend $100 billion, followed by Microsoft with $80 billion and Google with $75 billion. Most of this money is going into data centers to support AI growth.
â¡ï¸ AI and Cloud: AI is driving cloud services forward. Microsoft Azure grew by 31% last year, and Google Cloud is focusing on security to win more business customers.
â¡ï¸ Acquisitions Are Back: After a slowdown, big companies are buying again. Alphabetâ€™s $33 billion deal for Wiz shows how important AI-focused acquisitions have become. Nvidia is also leading in funding AI startups.
â¡ï¸ New Markets: Companies are exploring areas like humanoid robots and general-purpose AI agents that could change industries.

AI is driving big tech's investments and hiring has ramped up again.

Have we surpassed the AI trough of disillusionment? What do you think?

sources and quote from CB insights","1w â€¢ 
 1 week ago â€¢ Visible to anyone on or off LinkedIn",8,8,,0,1523,2025-04-24 12:54:37
Activity | Robert SchÃ¶ne,https://www.linkedin.com/in/robertsch%C3%B6ne/,Post,"ğŸ‘€ 10 questions every executive team should be able to answer about AI.

If these 10 questions spark doubt - itâ€™s time to elevate your teamâ€™s AI fluency.

Discover what executives actually need to know to lead AI with confidence (and what you can safely ignore).

Join our upcoming webinar on April 23 ğŸ‘‰","1w â€¢ 
 1 week ago â€¢ Visible to anyone on or off LinkedIn",57,1,,0,302,2025-04-24 12:54:45
Activity | Robert SchÃ¶ne,https://www.linkedin.com/in/robertsch%C3%B6ne/,Post,"The Secret to growing your audience and turning $1 into $2 repeatedly?

It is a detailed process that covers content generation, pipeline building, and upselling.

On autopilot.

Building MRR fast is tricky. There are important things to consider to be successful. You can either test, fail and learn or take the shortcut and check this blueprint that...

â†’ Brings tons of leads.
â†’ Delivers top-quality prospects.
â†’ Drives steady, predictable growth.

Itâ€™s called the Inbound Protocol.

Exponential growth has three distinct aspects: your mindset, automation, and community.

I'll share what we use in our growing global community, such as this inbound protocol. Itâ€™s your ticket to invaluable knowledge and how to generate a full pipeline.

Hereâ€™s what youâ€™ll get:
âœ… A tailored lead-gen blueprint for your business.
âœ… Sequences that create ready-to-buy leads.
âœ… A clear video walkthrough for every step.

Want access?

1. Make sure weâ€™re connected on LinkedIn (I'm limited sending connection requests)
2. Comment â€œLEADSâ€ below.

Iâ€™ll DM you the protocol quickly!

Bonus: Repost this and get a free 1:1 call to discuss the tools, secrets, and setup of the inbound protocol.","1w â€¢ 
 1 week ago â€¢ Visible to anyone on or off LinkedIn",51,192,,0,1173,2025-04-24 12:54:51
Activity | Robert SchÃ¶ne,https://www.linkedin.com/in/robertsch%C3%B6ne/,Post,"Yesterday, I learned Iâ€˜m living in another reality.

Caught in an AI bubble. Hunting for the next big leap to transform traditional teams into AI-augmented teams and further push towards agentic AI process automation.

However, I learned valuable lessons by attending the BVMW trade show, â€œFuture of SMEs,â€ and talking to several businesses, including real estate, construction, hotels, manufacturing, public administration, etc.

Something I learned in AdTech back then as well.

Most people and businesses operate without the drive of curiosity, innovation, and a growth mindset.

They remain confined within their daily routines.

Their established practices create a rigid corporate culture.

There is a strong resistance to change, akin to a corporate immune system that rejects new ideas.

To be at the forefront of innovation is to anticipate the future consistently.

The journey from the inception of a new trend, feature, or product to widespread adoption is often lengthy and fraught with challenges.

No one I talked to uses a Business AI, even when I described it as a personal ChatGPT for your company files. One company used Co-Pilot, and another one is currently testing ChatGPT.

The whole market is still at step 1, while I expected it to be at least at step 3 (RAG at scale).

But Iâ€™m living in another reality.

We all live in our bubbleâ€¦

Agree?","1w â€¢ 
 1 week ago â€¢ Visible to anyone on or off LinkedIn",34,24,,0,1366,2025-04-24 12:54:57
Activity | Robert SchÃ¶ne,https://www.linkedin.com/in/robertsch%C3%B6ne/,Post,"""How I spend 10 minutes a day, and generated 5 million impressions on LinkedIn in the past 5 months.""

That's what my mentor told us during our weekly community call last week.

Before he showed us the process.

A process on how he generates lead magnets and posts that go viral.

All in less than 10 minutes.

During the call, he shared a tool that also drafts it for us.

And now you, too, can get it.

Why does it matter? Last week, I had +70.000 Impressions, which helped me gain visibility as a person on LinkedIn and share my thoughts about how AI can be used to drive business transformation and increase employee satisfaction.

Yes, it is value-driven content, branding-building, and automation - to cut through the noise and craft your positioning.

Such tools are helpful in a) saving valuable time and b) sparking discussion among people interested in the matter.

Use the tool to:
âœ… Build a detailed profile of your ideal customer.
âœ… Develop a lead magnet designed to solve their specific pain points.
âœ… Craft LinkedIn posts that promote the lead magnet and drive engagement.

This system helped many of my community fellows, and myself achieve thousands of views and leads.

ğğğ¬ğ­ ğ¨ğŸ ğšğ¥ğ¥, ğ¢ğ­â€™ğ¬ ğŸğ®ğ¥ğ¥ğ² ğšğ®ğ­ğ¨ğ¦ğšğ­ğğ - ğšğ§ğ ğ²ğ¨ğ® ğœğšğ§ ğ®ğ¬ğ ğ¢ğ­ ğ­ğ¨ğ¨, ğ…ğğ‘ ğ…ğ‘ğ„ğ„

Want access?
1ï¸âƒ£ Follow & connect with me.
2ï¸âƒ£ Comment ""Generator"" in the comments below.

(We need to be connected for me to send you a link to access on DM)","2w â€¢ 
 2 weeks ago â€¢ Visible to anyone on or off LinkedIn",97,645,,0,1416,2025-04-24 12:55:05
Activity | Robert SchÃ¶ne,https://www.linkedin.com/in/robertsch%C3%B6ne/,Post,"âœ… Ãœber 100 neue Begegnungen in einem Jahr
âœ… Top-Wirtschafts und -FÃ¼hrungsthemen, die einen persÃ¶nlich weiter bringen
âœ… Immer ein tolles Catering, gute GesprÃ¤che, eine einzigartige AtmosphÃ¤re

So sind die Events des Premium-Leaders-Clubs.

Und am 24. April ist erneut ein groÃŸartiges Event bei V-Zug.

Der Anmeldelink ist im Event, der Zugang ist kostenfrei.","2w â€¢ 
 2 weeks ago â€¢ Visible to anyone on or off LinkedIn",0,0,,0,357,2025-04-24 12:55:11
Activity | Robert SchÃ¶ne,https://www.linkedin.com/in/robertsch%C3%B6ne/,Post,"""Companies pay up to $50.000 for this Protocol.""
That's what my mentor told me when I started learning the system 4 months ago.

Since then, they've generated 15.000 leads at no cost, and I know it works.

How?

Because it worked for me as well.

Getting 150 leads (and still growing) from 1 single post (which was about ""Agentic AI in Digital Agencies"")

Now you can, too, because I got permission to share the system.

To all, I recommend the B2B Protocol because it helps with...
âœ… Generating quality leads and conversations directly with decision-makers (skipping the gatekeepers)
âœ… Growing your network and building relationships with your audience for sustainable growth long-term
âœ… Increasing the efficiency of each salesperson and ensuring higher profitability

You will have rock-solid conviction, and leads will come your way.

This protocol has been responsible for:
Starting more than 1900 conversations for a SaaS firm (which got acquired).
Booked 150+ guests for a podcast in less than 60 days.
Achieved 650.000 impressions on LinkedIn in 4 weeks.

Want me to send it to you on DM?
1ï¸âƒ£ Follow & connect with me.
2ï¸âƒ£ Comment ""B2B"" below.
(We need to be connected on LinkedIn for me to send it to you)

Btw.: In the picture, you can see what I looked like when I saw this for the first time ğŸ˜…","3w â€¢ 
 3 weeks ago â€¢ Visible to anyone on or off LinkedIn",164,966,,0,1304,2025-04-24 12:55:26
Activity | Robert SchÃ¶ne,https://www.linkedin.com/in/robertsch%C3%B6ne/,Post,"No progress without (good) debates. 

We need to debate, including the one about AI. And we need to have different opinions.

On the one hand, there are those who see the potential, the positive benefits and the world-changing effects.

On the other side are those who are worried and have fears and concerns.

There are always two sides to the same coin. It's what is called the principle of polarity.

Black and white, yes and no, agree and disagree.

I belong to the group of visionaries, positive thinkers, curious, and sometimes also naive.

But I am less on the technical side and more on the humanistic side of AI. Does that sound counterintuitive?

Let me explain! To me, AI, if used correctly, will bring two things to lift human potential:

ğŸ. ğ–ğ ğ°ğ¢ğ¥ğ¥ ğ›ğ ğ¦ğ¨ğ«ğ ğ¢ğ§ ğŸğ¥ğ¨ğ°
The challenge-skills balance is a key trigger for experiencing flow. It describes the state in which the demands of a task slightly exceed a person's abilities. If the challenge is too great, anxiety can arise, while boredom sets in if the challenge is too low. Flow occurs in an area known as the â€˜flow channelâ€™ and lies between these two extremes. This means that through working and living alongside AI, we will experience more flow. Repetitive and mundane tasks can be handed over, and complicated tasks and complex questions can be solved more easily.

ğŸ. ğ†ğğ§ğ€ğˆ ğ°ğ¢ğ¥ğ¥ ğ¦ğšğ¤ğ ğ®ğ¬ ğ›ğğ­ğ­ğğ« ğ­ğ¡ğ¢ğ§ğ¤ğğ«ğ¬
Now that we have an omnipotent assistant whom we can ask, we must rethink our thinking. We need to become more curious again. It's not about advising AI; it is about asking the right questions and thinking in the correct pattern. We need to ask ourselves:
â€˜What instructions could I give or what question could I ask so that the AI understands and gets me from A to B, solve a problem, or execute a task?â€™
This thinking will be more systemic, problem- and solution-orientated.

I'm still so excited about what the future will hold for us.

Steven Kotler recently wrote: Humans, in flow, who can collaborate with each other, and with AI, are going to own the future.

Agree?

By the way: I have a whitepaper about flow and respective research added to an open Perplexity space for free. DM me if you want access.","3w â€¢ 
 3 weeks ago â€¢ Visible to anyone on or off LinkedIn",5,1,,0,2185,2025-04-24 12:55:33
Activity | Robert SchÃ¶ne,https://www.linkedin.com/in/robertsch%C3%B6ne/,Post,"500% ğ™¢ğ™¤ğ™§ğ™š ğ™¥ğ™§ğ™¤ğ™™ğ™ªğ™˜ğ™©ğ™ğ™«ğ™š
600% ğ™¢ğ™¤ğ™§ğ™š ğ™˜ğ™§ğ™šğ™–ğ™©ğ™ğ™«ğ™š
230% ğ™ğ™¢ğ™¥ğ™§ğ™¤ğ™«ğ™šğ™™ ğ™¡ğ™šğ™–ğ™§ğ™£ğ™ğ™£ğ™œ

I share with you the secrets - the why, what, and how - of peak performance.

I know many of you would expect something around AI to get there. But this time, the answer is (partially) ğ—¡ğ—¢!

The truth is that it all starts with being in the zone. Yes, it's about your flow state.

Flow - where you're so engrossed in your tasks that time disappears!

I'm thrilled to share a workbook complete with my knowledge about ""Peak Performance and Flow.""

Hereâ€™s what youâ€™ll find inside:
- Techniques to recognize and sustain your flow state.
- Practical steps to enter and preserve your flow despite interruptions.
- Methods to track your journey towards achieving consistent flow.
- And yes... there are Insights to leverage AI for enhanced capabilities and streamlined workflows.

ğ—”ğ—¡ğ—— ğ—§ğ—›ğ—˜ ğ—•ğ—˜ğ—¦ğ—§ ğ—§ğ—›ğ—œğ—¡ğ—š: The workbook ends with a link to one of my public Perplexity spaces. This space contains research papers, this workbook, and other flowy content. There is no better way to interact with knowledge than through AI. That's why we build aidocr. But that's a whole other story. So be curious and prompt the right questions to Perplexity.

To get your copy:
1ï¸âƒ£ Follow and connect with me.
2ï¸âƒ£ Comment ""FLOW"" below, and I'll send it straight to your inbox.

Grow with the flow...","4w â€¢ 
 0 months ago â€¢ Visible to anyone on or off LinkedIn",25,101,,0,1331,2025-04-24 12:55:40
Activity | Jaspar Carmichael-Jack,https://www.linkedin.com/in/jaspar-carmichael-jack/,Post,"About a weeks ago, we put up a billboard to announce our $25M Series A on the 101 with one goal: Make it so cringe it gets memed on the internet

Why?

Because today, there are so many AI startups raising money, announcing something, launching something that they all blur together

And it's becoming increasingly the case that having the best product isnâ€™t enough if you can't cut through the noise

Soâ€¦we went for it - we made the most cringe billboard Iâ€™ve ever seen (thank you)

And now there are multiple Tweets and Reddit threads going semi-viral, with most people not realizing itâ€™s a joke

Weâ€™ve accidentally-on-purpose used this rage bait tactic multiple times now:
- Got flamed on Reddit for hating on our own TechCrunch booth
- Launched our entire ""Stop Hiring Humans"" campaign
- Faked my resignation as CEO and hired an AI CEO on April Fools

So yes, this billboard is cringe, but itâ€™s already got over 1M impressions and has led to loads of high quality leads googling us to learn about our AI BDR and coming inbound

If your marketing doesnâ€™t make people feel something (be it excitement, confusion, anger, cringe, or any other emotion), it wonâ€™t have an impact

We saw this with the â€œCheat on Everythingâ€ video - itâ€™s rage bait and is generating $millions in ARR for Cluely

If you want to automate your outbound and avoid cold emails that feel just as cringe, hire Ava, the AI BDR:

And if you're not too embarrassed to work with us:","14h â€¢ 
 14 hours ago â€¢ Visible to anyone on or off LinkedIn",563,67,,0,1449,2025-04-24 12:58:11
Activity | Jaspar Carmichael-Jack,https://www.linkedin.com/in/jaspar-carmichael-jack/,Post,"Over the last few weeks, Iâ€™ve had many first year MBAs reach out asking how I landed my in-semester internship at Artisan. So hereâ€™s my blueprint:

ğ—¦ğ˜ğ—®ğ—¿ğ˜ ğ—¯ğ˜† ğ—¯ğ˜‚ğ—¶ğ—¹ğ—±ğ—¶ğ—»ğ—´ ğ˜†ğ—¼ğ˜‚ğ—¿ ğ—¹ğ—¼ğ—»ğ—´ ğ˜ğ—²ğ—¿ğ—º ğ˜ğ—µğ—²ğ˜€ğ—¶ğ˜€
- Before any outreach, I asked myself: Where do I want to be in 5â€“7 years?
- My answer: Product x Vertical AI Agents. Even this broad vision helped me filter my search
- The path may not always be linear, and thatâ€™s okay. But try to build towards where you want to be

ğ—™ğ—¶ğ—»ğ—± ğ˜€ğ˜ğ—®ğ—¿ğ˜ğ˜‚ğ—½ğ˜€ ğ˜‚ğ˜€ğ—¶ğ—»ğ—´
.. and apply filters that align with where you want to work
- Sector fit â†’ I focused on AI agents
- Recent funding rounds (announced <6 months ago) â†’ signals momentum and recruiting appetite
- Round size (>$8M) â†’ I leaned toward Seed and Series A startups that raised enough to offer a real runway and stability

ğ—¦ğ—²ğ—»ğ—± ğ—Ÿğ—¶ğ—»ğ—¸ğ—²ğ—±ğ—œğ—» ğ—°ğ—¼ğ—»ğ—»ğ—²ğ—°ğ˜ğ—¶ğ—¼ğ—» ğ—¿ğ—²ğ—¾ğ˜‚ğ—²ğ˜€ğ˜ğ˜€ ğ˜„ğ—¶ğ˜ğ—µ ğ—ºğ—²ğ˜€ğ˜€ğ—®ğ—´ğ—²ğ˜€ ğ˜ğ—µğ—®ğ˜ ğ˜€ğ—²ğ—¹ğ—¹ ğ—¬ğ—¢ğ—¨
- Everyone says â€œdemonstrate where you can add value.â€ I found thatâ€¦ unproductive
- Startups are chaotic! Youâ€™ll never guess whatâ€™s top of mind for them
- So I focused on what I did know: my track record and my skills

ğ—”ğ˜ƒğ—¼ğ—¶ğ—± ğ˜ğ—µğ—² ğ˜ğ—²ğ—ºğ—½ğ˜ğ—®ğ˜ğ—¶ğ—¼ğ—» ğ˜ğ—¼ ğ˜ğ—®ğ—¸ğ—² ğ—¼ğ—» ğ˜‚ğ—»ğ—½ğ—®ğ—¶ğ—± ğ—¶ğ—»ğ˜ğ—²ğ—¿ğ—»ğ˜€ğ—µğ—¶ğ—½ğ˜€
- I have 5+ years of experience, and I value my time
- But more than that, if your time has no defined value, you risk being handed low leverage / low value work
- Tip for founders: I never had to chat about this withat. He led with a solid comp package - no posturing, no games! Told me so much about how he leads

Thereâ€™s no one right way, but this worked for me!","1w â€¢ Edited â€¢ 
 1 week ago â€¢ Edited â€¢ Visible to anyone on or off LinkedIn",152,7,,0,1487,2025-04-24 12:59:20
Activity | Jaspar Carmichael-Jack,https://www.linkedin.com/in/jaspar-carmichael-jack/,Post,"ğŸš¨ San Francisco! Calling all female founders, GTM leaders, sales pros, CROs, women in tech, allies, and friendsâ€”

Join us on April 24th for thew/ğŸ¦„ Weâ€™re diving into:

- Building a smarter Go-To-Market strategy: tactics that actually work
- Scaling technical teams for high-performance outcomes
- The secret sauce behind viral marketing campaigns

Meet the rockstar panelfrom,(fabulous co-founder), and, Chief of Stuff at.

Whether youâ€™re a sales professional, GTM operator, CRO, or just AI-curious â€” this event is for you! AI is here, and these ladies know how to use it to supercharge their company's growth ğŸš€

Thank youfor hosting us!

Spots are limited â€” grab your seat now before theyâ€™re gone!","2d â€¢ Edited â€¢ 
 2 days ago â€¢ Edited â€¢ Visible to anyone on or off LinkedIn",86,4,,0,697,2025-04-24 12:58:18
Activity | Jaspar Carmichael-Jack,https://www.linkedin.com/in/jaspar-carmichael-jack/,Post,"Just ONE MONTH to go until 
hashtag
#SaaStr Annual 2025 hits the SF Bay Area ğŸš€ 

The Flywheel team are thrilled to be joining Jason M. Lemkin, the SaaStrteam and +10,000 SaaS, AI + Cloud leaders for 3 epic days of tactical GTM insights, AI transformation, VC meetups, hands-on workshops, and hallway convos you canâ€™t put a price on.ğŸ’¥

Top themes ğŸ‘€
ğŸ¤– AI meets GTM â€“ whatâ€™s real, what scales, and where we still need humans
ğŸš€ Scaling to $100M, $500M and $1B ARR â€“ with fewer resources, better focus international expansion & resilient teams
ğŸ’° VC in 2025 â€“ what top firms are funding and why
ğŸ”„ PLG, ABM, Bottoms-up, and AI-driven GTM â€“ what actually works now

2025's lineup is ğŸ”¥ğŸ”¥ğŸ”¥ :
+CEOS: â€œWhere B2B Applications Are Goingâ€
CEO: â€œAI, Agents and The Next Era of SaaSâ€
Google Cloud's: â€œHyperscalers: The Future and Moreâ€
CEO: â€œThe Future of Marketing in the Age of AI""
's: â€œGTM at AI Speedâ€
's: â€œThe First $100m ARR in AIâ€
's CEO: â€œThe Future of Agents and Automation: Where Will We Need Humans?â€
's Head of AI : â€œHow to Build AI at Scaleâ€
's CEO: â€œGoing More Multiproduct, Going More AI, and Going More SMB and More Enterpriseâ€
's CEO Tope Awotona â€œOpen AMA and AI in 2026â€
's CEO Jack Newton: â€œReaccelerating Vertical SaaS to $3 Billionâ€
's CMO: â€œAdding AI to SaaS: Pricing, Product and Moreâ€
's: â€œWhatâ€™s Working in 2025+ in GTMâ€
CEO: â€œThe Real Data on AI SDRsâ€
's founder: â€œYour Customers as Prompt Engineersâ€

ğŸ¤© And sessions from:
Tim COO
CTO, Rubrik
Monica Perez VP CS
VP CS Intercom
, SVP CS GitHub
VP Product Rippling
CEO Demandbase
AWS
VP Revenue Marketing Docebo
Industry Solutions Databricks
CMO G2

The Flywheel crew will be on the ground:
ğŸ¥ Interviewing SaaS leaders
ğŸ“Š Reporting on trends + sessions
ğŸ§  Sharing bold plays + takeaways
ğŸŒ Networking with our APJ SaaS clients scaling globally
ğŸ‡ºğŸ‡¸ Supporting US clients expanding into APJ

ğŸŸï¸ Grab 20% OFF tickets -

ğŸ’¬ DM me if you're attending ğŸ¤
We cant wait to see our global tribe there - â˜• Coffee? ğŸ¸ Cocktail? ğŸ“ˆ Big ideas? Count us in!","2w â€¢ Edited â€¢ 
 2 weeks ago â€¢ Edited â€¢ Visible to anyone on or off LinkedIn",78,15,#SaaStr,1,1992,2025-04-24 12:59:56
Activity | Jaspar Carmichael-Jack,https://www.linkedin.com/in/jaspar-carmichael-jack/,Post,"Weâ€™ve raised over $35M, crossed $5M ARR, generated billions of organic impressions - and still have zero people on our internal marketing team

Thatâ€™s not because marketing isnâ€™t a priority. If youâ€™ve seen our billboards or AI CEO, you know we take brand awareness very seriously...

Weâ€™ve just been deliberate about staying lean. While weâ€™ve hired aggressively across product and engineering, marketing is the one function weâ€™ve chosen to scale differently - all campaigns are managed by me and

Our marketing approach is to:
- Stick to activities which leverage our time as much as possible
- Leverage AI and automation as much as possible
- Avoid wasting time on bureaucracy
- Ruthlessly prioritize with quarterly marketing strategies
- Rely on expert freelancers for specific functions like SEO, paid, content, video, animation & much more. We couldnâ€™t achieve what we have without them

A bloated internal marketing team drains creativity and slows you down

That being said, we're at capacity and weâ€™re ready to finally make our first marketing hire! If you want to help us brainstorm crazy billboard slogans or our next viral campaign, apply here:

And if you need a AI BDR to keep your marketing team lean, hire Ava here:","6d â€¢ 
 6 days ago â€¢ Visible to anyone on or off LinkedIn",247,32,,0,1229,2025-04-24 12:58:24
Activity | Jaspar Carmichael-Jack,https://www.linkedin.com/in/jaspar-carmichael-jack/,Post,"Itâ€™s hard to compete with Artisanâ€™s viral campaignâ€¦ so I wonâ€™t even try ğŸ˜„
Instead, Iâ€™ll invite you to meet the team behind it â€” LIVE.

Join us at the nextfeaturing:

-, Founder & CPO at Artisan
-, Chief of Staff at Artisan
-, Investor at

We'll be talking about:

- Building a Smarter GTM: Tactics That Actually Work
- Scaling technical teams for high-performance outcomes
- The secret sauce behind Artisanâ€™s viral campaigns

Special thanks tofor hosting us!

ğŸ”¥ Spots are limited â€” RSVP now and come ready to take notes.","1w â€¢ 
 1 week ago â€¢ Visible to anyone on or off LinkedIn",44,3,,0,520,2025-04-24 12:58:31
Activity | Jaspar Carmichael-Jack,https://www.linkedin.com/in/jaspar-carmichael-jack/,Post,"We raised our $25M Series A just 6 months after our seed. Here are the four reasons why:

1. The market is moving fast. A lot of new players are entering and we need to ship amazing products fast if we want to win

2. We want to maintain our really strong momentum. A lot of startups lose their momentum and their velocity platesus if they sit in one funding stage for too long. Raising keeps the team excited, opens doors with bigger customers and builds brand awareness

3. We wanted to attract amazing talent (most senior leadership & great engineers donâ€™t want to take a risk on a seed stage company)

4. We know what we need to build, itâ€™s just a matter of executing. And to build our ambitious roadmap, we needed more talented people on the team

Every startup has its own pace. For Artisan, itâ€™s moving relentlessly fast because we know we have an opportunity here and we donâ€™t want to miss it

For some, building a company bootstrapped is the right path. If you want to maintain full control of your company, choose your own pace and take dividends, donâ€™t raise money. If you want to move extremely fast and build a generational company, raise at a regular cadence

And if you want to join us, apply here:

Or hire our AI BDR Ava (who works even faster than us ğŸ˜‰) then get in touch:","1w â€¢ 
 1 week ago â€¢ Visible to anyone on or off LinkedIn",652,64,,0,1290,2025-04-24 12:58:38
Activity | Jaspar Carmichael-Jack,https://www.linkedin.com/in/jaspar-carmichael-jack/,Post,"After announcing our $25M Series A last week, I'm excited to share that we are launching V3 of Artisan

This release brings us closer to what outbound should be: one consolidated AI-native platform thatâ€™s intent-driven and actually effective

Most teams today juggle 5+ tools just to run basic outreach. Itâ€™s clunky and outdated. Our AI BDR Ava watches the market, identifies intent signals, and acts in real time

Hereâ€™s whatâ€™s new in V3:

Data miner - Ava scrapes 100s of sources (firmographic, technographic, intent) to pull rich lead data

Personalization waterfall - Ava dynamically identifies the best personalization on a lead level

Watchtower campaigns - Ava monitors intent signals across the internet and launches outreach the moment a lead shows buying intent (this is being rolled out with more and more triggers over the next few months)

Outbound is evolving. And weâ€™re building the system that leads the shift

Learn more about Ava:

While this is exciting for us, I'm beyond excited to share what V4 looks like - there's truly nothing like it on the market. It's already in the works and will be launching in Q3","1w â€¢ 
 1 week ago â€¢ Visible to anyone on or off LinkedIn",300,23,,0,1128,2025-04-24 12:58:45
Activity | Jaspar Carmichael-Jack,https://www.linkedin.com/in/jaspar-carmichael-jack/,Post,"Artisan is one of a bevy of fast-growing startups in the highly watched AI sales development representative (AI SDR) market. Itâ€™s probably best known for its â€œStop Hiring Humansâ€ marketing campaign that has generated many news articles, social media posts, comments, and a few death threats, says the company.

However, when asked if he truly believes that AI will replace people, 23-year-old founder and CEO Jaspar Carmichael-Jack says, â€œNo, which is ironic, because we did the billboards that said, â€˜stop hiring humansâ€™ but that was mostly just for attention.â€

Read more from Julie Bort on Artisan here:","1w â€¢ 
 1 week ago â€¢ Visible to anyone on or off LinkedIn",117,9,,0,606,2025-04-24 12:58:51
Activity | Jaspar Carmichael-Jack,https://www.linkedin.com/in/jaspar-carmichael-jack/,Post,"Weâ€™ve raised a $25M Series A but this is just the very beginning for Artisan, and we're hiring (awesome humans) for a bunch of roles - if you tag someone below who we hire, we'll give you $5k ğŸ¤  

We have an extremely ambitious product roadmap to build, prospects to close, customers to onboard and processes to establish and scale

If you want to be a part of the journey, weâ€™re currently hiring for all of these roles:
- Director of Customer Success
- Product Designer
- AI Engineer
- Backend Engineer
- Frontend Engineer
- Marketing Generalist
- FP&A
- AE

And if none of these roles fit your talent, then we have an open job role where you can tell us yourself what value you could bring to Artisan

Apply here:

**We must have not interacted with who you tag for you to get the $5k","1w â€¢ 
 1 week ago â€¢ Visible to anyone on or off LinkedIn",409,112,,0,785,2025-04-24 12:58:58
Activity | Jaspar Carmichael-Jack,https://www.linkedin.com/in/jaspar-carmichael-jack/,Post,"Hereâ€™s the deck that we used to raise our $25M Series A, just 6 months after our $12M Seed round

What investors want to see at Series A isnâ€™t just growth, itâ€™s:
- A clear path to category leadership
- A long-term vision grounded in early signs of real adoption
- Evidence that YOU have a right to win this market

Hopefully this deck either helps you raise or teaches you something :)

Comment â€œSeries Aâ€ and Iâ€™ll send you the full thing!","1w â€¢ 
 1 week ago â€¢ Visible to anyone on or off LinkedIn",0,3530,,0,439,2025-04-24 12:59:13
Activity | Jaspar Carmichael-Jack,https://www.linkedin.com/in/jaspar-carmichael-jack/,Post,"When Artisan launched its audacious â€œStop Hiring Humansâ€ billboard campaign across San Francisco, it didnâ€™t just catch eyes â€” it ignited a firestorm. Designed to stand out in a sea of tech jargon, the intentionally provocative message positioned Artisanâ€™s AI SDR, Ava, as the future of sales development. What started with a single misspelled billboard (â€œStop Hirring Humansâ€) quickly snowballed into viral outrage, 35,000upvotes, media frenzy, and even death threats.

Despite the backlash, Artisan doubled down on the controversy, with CEOposting the campaign on r/mildlyinfuriating, sparking millions of impressions. â€œWe wanted to draw eyes and spark interest... while driving a bit of rage with the wider public,â€ Jaspar admitted. Their strategy worked â€” Artisan was soon flooded with sales meetings, made headlines in top media houses and saw over $2M in new ARR.

Beyond the noise, the campaign paid off â€” Artisan is now one of the fastest-growing AI companies by brand search, per Ahrefs. â€œ70% of the people I meet in San Francisco now know Artisan. Before it was 5%,â€ says Jaspar. Though the messaging stirred controversy, it struck gold with their actual audience: tech companies looking to automate grunt work, not replace humans entirely.
In the end, Artisan clarified: â€œThe truth is, we love humans.â€ The mission isnâ€™t dystopia â€” itâ€™s about freeing humans from tedious tasks. Ava was built to take care of what people donâ€™t want to do, not take their place. Bold, risky, and a little chaotic â€” Artisanâ€™s campaign is a masterclass in standing out in techâ€™s loudest city.","2w â€¢ 
 2 weeks ago â€¢ Visible to anyone on or off LinkedIn",141,2,,0,1581,2025-04-24 12:59:05
Activity | Jaspar Carmichael-Jack,https://www.linkedin.com/in/jaspar-carmichael-jack/,Post,"Artisan is one of a bevy of fast-growing startups in the highly watched AI sales development representative (AI SDR) market. Itâ€™s probably best known for its â€œStop Hiring Humansâ€ marketing campaign that has generated many news articles, social media posts, comments, and a few death threats, says the company.

When asked if he truly believes that AI will replace people, CEO Jaspar Carmichael-Jack says, â€œNo, which is ironic, because we did the billboards that said, â€˜stop hiring humansâ€™ but that was mostly just for attention.â€

â€œHuman labor becomes more valuable when you have the AI content,â€ he says.

Read more from Julie Bort on Artisan here:","2w â€¢ 
 2 weeks ago â€¢ Visible to anyone on or off LinkedIn",280,13,,0,649,2025-04-24 12:59:28
Activity | Jaspar Carmichael-Jack,https://www.linkedin.com/in/jaspar-carmichael-jack/,Post,"Huge congrats to Artisan's $25m round!! Jaspar Carmichael-Jack 

Come meet the team at 2025 SaaStr Annual May 13-15!!

ğŸ¤– Automate Your Outbound With an AI-First Platform Powered by AI Employees
âœ… Every Tool You Need, Consolidated Within One Exceptional Platform
ğŸ«‚ Meet Your Future Colleagues, Artisans

Artisans unlock your teamâ€™s full potential by automating the repetitive, menial tasks that are slowing them down.","2w â€¢ 
 2 weeks ago â€¢ Visible to anyone on or off LinkedIn",76,4,,0,416,2025-04-24 12:59:35
Activity | Jaspar Carmichael-Jack,https://www.linkedin.com/in/jaspar-carmichael-jack/,Post,"""Stop Hiring Humans"" company Artisan raises $25 Million to save us, the talented ones, from soul-crushing, manual, repetitive tasks ğŸ™

Youâ€™ve probably seen their viral campaigns (over 1 BILLION impressions!) introducing the world to Ava â€” their AI BDR now â€œhiredâ€ by 250+ companies.

The round is led by.

Massive congrats to,andâ¤ï¸

Are you ready to be saved? ğŸ¦¸ I am!

More in my latest article for.","2w â€¢ 
 2 weeks ago â€¢ Visible to anyone on or off LinkedIn",113,15,,0,399,2025-04-24 12:59:41
Activity | Jaspar Carmichael-Jack,https://www.linkedin.com/in/jaspar-carmichael-jack/,Post,"Iâ€™m excited to announce that weâ€™ve raised a $25M Series A at Artisan to make our AI BDR Ava even more effective and build 2 more AI Employees this year

It was great to sit down withfromto talk about whatâ€™s next for Artisan. It's refreshing how strong of an understanding Julie and the TC team have of the space. You can read the article here:

Two years ago, I was building a company I wasnâ€™t passionate about. I was always looking for what would be next, and felt unfulfilled

I knew I wanted to build a truly impactful company, and when I had the idea for Artisan, I knew it could be exactly that. There is a paradigm shift taking place in software which we are betting everything on - the move from unintelligent sprawling SaaS to AI-first, consolidated products

It wasnâ€™t smooth sailing to begin with, I was turned down by over 100 investors when I first started raising (to be fair, we didnâ€™t have a product...)

Thentook a bet on us and gave us our first check for $1.75M

We got intoshortly after that, and itâ€™s been an insane journey since then

In the past 12 months, weâ€™ve:
- Built Ava, the AI BDR - our flagship Artisan
- Closed hundreds of customers
- Reached $5M ARR
- Gone viral with 1B+ online impressions on our â€œStop Hiring Humansâ€ shock marketing campaign
- Hired an incredible team, including our new CTO

And weâ€™re just getting started

Weâ€™re extremely excited to havefromjoining our board. Oliver introduced me to Paul last August and he, along with the wider Glade Brook team (,), has been an invaluable resource to us. Thereâ€™s nobody weâ€™d rather be partnering with at this stage of our growth

Weâ€™re also grateful to Y Combinator for their reinvestment and continued support, and especially our group partnerwho has been there day and night to help with whatever the issue of the hour is

In our roadmap for 2025, weâ€™re launching:
- Aaron the Inbound SDR Artisan
- Aria the Meeting Assistant Artisan
- + more to be announced

This round brings our total funding to over $35M. Thank you to every investor who has supported us:Ventures,andfrom,,,,Scout,,from,,,,,,,,,and others

Weâ€™re hiring for every role (except BDRs ğŸ˜‰) - come join us in SF or remote:

If you want to hire Ava:

(Oh, and our AI CEO decided I should post this one since he keeps on getting banned from LinkedIn for being a bot)","2w â€¢ 
 2 weeks ago â€¢ Visible to anyone on or off LinkedIn",0,147,,0,2319,2025-04-24 12:59:49
Activity | Jaspar Carmichael-Jack,https://www.linkedin.com/in/jaspar-carmichael-jack/,Post,"In the past 18 months we've gone from an idea in a Figma file to a market leader in one of the fastest growing categories of AI

I'm extremely proud of the team we've built atand the extraordinarily talented people I get to work with every day

It's been an insane journey that all started withtaking a bet on us in September 2023 when we had no product and were weeks away from running out of money

A week later, we got into

This week Ava's face was up in Times Square

We've already built the strongest AI BDR product on the market and reached billions of impressions with our marketing, but we have so much more to come this year - stay tuned","2w â€¢ 
 2 weeks ago â€¢ Visible to anyone on or off LinkedIn",339,38,,0,647,2025-04-24 13:00:10
Activity | Jaspar Carmichael-Jack,https://www.linkedin.com/in/jaspar-carmichael-jack/,Post,"This week, our CEO stepped down and we replaced him with AI

Except, it was an April Foolâ€™s prank.

Youâ€™ve probably seen the videoposted where he announces heâ€™s stepping down and being replaced by our AI CEO, Jaspar 2.0

(If not, definitely check it out here:)

While many people thought the whole thing was AI generated, it was in fact 100% human made

We hired an entire film crew, rented a mansion and casted our AI CEO,(who is a really human, even if he does look totally AI-generated)

We were up against a lot of constraints:

Timeline = under 3 weeks
Budget = less than $20k
Experience = none, apart from one film class I took in 11th grade

(For reference, when we enquired creative agencies, one said it would be $100k+ and they needed at least 3 months to execute it)

We had zero film experience and an impossibly tight turnaround time...

But we ended up delivering a pretty amazing (if I do say so myself) campaign that drove 100,000+ impressions for Artisan

Jaspar even got a few real job offers!

If you're curious how we pulled it off, I wrote a blog breaking down everything here:

Proof that anythingâ€™s possible when you decide it is.

Shooterâ€™s shoot ğŸ«¡","2w â€¢ 
 2 weeks ago â€¢ Visible to anyone on or off LinkedIn",346,34,,0,1172,2025-04-24 13:00:17
Activity | Jaspar Carmichael-Jack,https://www.linkedin.com/in/jaspar-carmichael-jack/,Post,"AI SDR's & All-In-One solutions have two huge advantages over tools like Clay.

Convenience & Ease. ğŸ‘‡

While I'll always say you should use& you shoul create your own tech stack to suit your own needs...

There is no denying that these all-in-one solutions are getting better everyday.

Here's some examples:

a)

They're making the most of AI Agents, and will also source all types of first & 3rd party signals for you.

b)

Common Room replaces the need for Clay by sourcing intent data & performing deep prospect research you can use for your outbound campaigns.

c)

While not as powerful with finding signals, lemlist allows you to link yourkey, allowing you to create AI Variables.

With their chrome extension you're also able to get some awesome data to feed to GPT.

d)

Withwill set-up your email infrastructure, meaning you can use their tool to identify you website vistors & outreach all in one place. (Plus they even have a CRM.)

e)

Now the most unique example is Artisan, where they'll do everything from beginning to end. From hunting for signals, sourcing prospects, crafting campaigns, and outreaching.

... Let's pause for a second, because while I'd still say you can use Clay and just a couple other tools to also achieve the same thing.

You can't deny the convenience of all-in-one platforms, and with the rate they're advancing at...

It's not completely out of the realm to say they might overtake tools such as Clay, through ease of use alone.

While I still think we're quite far from that point, I also don't think we're too far from this being reality. ğŸ‘€

What's your thoughts on AI SDR's and All-In-One platforms?

P.S. We're running a Webinar with Unify @ 5 PM CET today, if you have any thoughts about all-in-one platforms, feel free to join us live on Linkedin to discuss them with their CEOdirectly. ğŸ˜‰","3w â€¢ 
 3 weeks ago â€¢ Visible to anyone on or off LinkedIn",73,30,,0,1837,2025-04-24 13:00:03
Activity | Jaspar Carmichael-Jack,https://www.linkedin.com/in/jaspar-carmichael-jack/,Post,"After 2 years of building Artisan, Iâ€™m stepping down as CEO

I'm so proud of what weâ€™ve built and the incredible team weâ€™ve created. This was a really difficult decision, but one that is ultimately is best for Artisan

The new CEO is the most capable person I know, and I have no doubt heâ€™ll successfully lead Artisan on our goal of becoming a multi-billion dollar company

Iâ€™m proud to introduce him in the video below

Grateful for everything weâ€™ve built â€” and excited to see where the team goes from here. Onward ğŸš€","3w â€¢ 
 3 weeks ago â€¢ Visible to anyone on or off LinkedIn",0,175,,0,517,2025-04-24 13:00:26
